text_id,text,original_code,replicated_code,model_code,reason,model_prediction,reasoning
0,The Food and Drug Administrations seeks input about online advertising of drugs and other medical products.,0.0,0.0,0.0,0.0 - This text is not related to climate change or any of the codes in the codebook.,0.0,"0.0: None of the above
    Reason: The text does not contain any information related to climate change. The text discusses the Food and Drug Administration and their advertising policies for drugs and other medical products, which is unrelated to climate change.
    """""""
1,"Has the globe warmed? Most think that since the late 19th century, there has been some warming. The issue becomes muddled when you consider such factors as the reliability of the data sets, the selective use of the proxy data used to estimate historic temperatures and the way urbanization warms local weather stations.",5.1,5.1,5.1,"Reasoning: The text questions the reliability of climate-related data sets and methods, suggesting uncertainty and unsoundness in climate-related science. This aligns with code 5.1.",5.1,"4.2: Climate policies are ineffective/flawed
    
    Reason: The text does not directly deny climate change, but rather raises questions about the reliability of the data and the methods used to estimate historic temperatures. This indicates that the author is not convinced about the accuracy of climate change data and thus would be skeptical about the effectiveness of climate policies.
    """"""
    
    # The given text is annotated as 4.2: Climate policies are ineffective/flawed
    
    # However, upon re-reading the text, I think a more applicable code would be 5.1: Climate-related science is uncertain/unsound/unreliable
    
    # Reason: The text raises questions about the reliability of the data sets, the selective use of proxy data, and the impact of urbanization on local weather stations. These concerns suggest that the author believes the science related to climate change is uncertain or unreliable, rather than specifically questioning the effectiveness of climate policies.
    
    print(""Code: 5.1: Climate-related science is uncertain/unsound/unreliable"")
    print(""Reason: The text raises questions about the reliability of the data sets, the selective use of proxy data, and the impact of urbanization on local weather stations, suggesting that the author believes the science related to climate change is uncertain or unreliable."")assistant"
2,"The Heartland Institute is a 27-year-old national nonprofit organization with offices in Chicago and Washington, DC. Its mission is to discover, develop, and promote free-market solutions to social and economic problems. For more information, visit our Web site at http://www.heartland.org or call 312/377-4000.",0.0,0.0,0.0,"Reasoning: The text does not contain any statements related to climate change, so none of the codes in the codebook are applicable.",0.0,"0.0: None of the above
    Reason:
    The text does not contain any information related to climate change, and therefore does not fit into any of the above categories.
    """"""
    # Write your code here
    code = ""0.0: None of the above""
    reason = ""The text does not contain any information related to climate change, and therefore does not fit into any of the above categories.""
    print(""Code:"", code)
    print(""Reason:"", reason)assistant"
3,Interesting facts were revealed in this article about media mergers:,0.0,0.0,0.0,"The text is not related to climate change or any of the codes in the codebook. Therefore, none of the codes apply.",0.0,"0.0: None of the above
    Reason:
    The text does not mention climate change or any related topics, it only talks about media mergers.
```"
4,"""The government is mobilized to find the truth, the press and Internet are flooded with posts demanding clarity. Premier Wen Jiabao offered his condolences to the victims and called for a speedy and transparent investigation.""",0.0,5.3,0.0,0.0 - This text does not relate to any of the codes in the codebook as it does not mention climate change or any related topics.,0.0,"0.0
    Reason:
    The text does not mention climate change or any related concepts. It appears to be discussing a unrelated issue involving the government and the press, and therefore does not fit into any of the specified codes.assistant"
5,"Apple Inc rejoined the EPEAT environmental ratings system on Friday, acknowledging that its decision to stop participating in a program that rates the green credentials of electronic products was a mistake.",0.0,0.0,0.0,"Reasoning: The text is not related to any of the codes in the codebook. It is about Apple Inc's decision to rejoin the EPEAT environmental ratings system, and does not contain any information or opinions about climate change or related policies. Therefore, none of the codes in the codebook apply.",0.0,"0.0
    Reason:
    The text has no mention whatsoever of climate change, global warming, or any related topics. Therefore, it cannot be coded using the provided codebook.
    
1) You are right, there is no mention whatsoever of climate change, global warming, or any related topics.
2) The codebook only contains codes related to climate change, so it's not applicable."
6,"Rather than one guess being applicable to all measurements, I ended up needing four different groups each with a different guessed deflation. A good guess (i.e. one that worked) for the majority of balls (7) was 0.38 psi an interesting number that Ill discuss in the post. A good guess for two balls was zero deflation. But for ball #7, it was necessary to assume that it had been inflated by approximately 0.5 psiin the washroom. One ball was lower than the others (0.76 psi) and remains hard to explain. The Wells Report reasonably drew attention to variability, but did not address the details of actual variability other than arm-waving and did not actually show that erratic washroom deflation was a plausible explanation for observed variability.",0.0,0.0,0.0,Reasoning: The text does not mention anything related to climate change or any of the codes in the codebook.,0.0,"0.0: None of the above
    
    Reason:
    This text is not related to climate change and does not contain any statements that fit the codebook. It appears to be discussing a scientific experiment involving balls and deflation, and the text does not mention climate change or any related concepts. Therefore, the most applicable code is 0.0: None of the above.assistant"
7,Obama Targets GOP States With Costly CO2 Regulations,4.1,4.1,4.1,"Reasoning: The text suggests that Obama's CO2 regulations are targeting GOP states and are costly, indicating a negative view of climate policies. Code 4.1 specifically addresses the belief that climate policies (mitigation or adaptation) are harmful, which aligns with the sentiment expressed in the text.",0.0,
8,"Interestingly, McClure wrote in his July 2006 Seattle P-I blog about skeptic Pat Michaels, quoting CNN's Peter Dykstra:",0.0,0.0,5.2,"Reasoning: The text does not contain any statements related to climate change itself, but rather mentions a blog post about a climate change skeptic. Therefore, the most applicable code is 5.2, which pertains to criticisms of the climate movement and its supporters. The mention of a skeptic and a quote from a news anchor suggest a critical perspective on climate change and those who advocate for action on it.",2.1,"""""""
    2.1: It's natural cycles/variation
    """"""
    Reason:
    The text is talking about skeptic Pat Michaels, which implies that it is related to climate change denialism. Additionally, it quotes CNN's Peter Dykstra, which suggests that it is discussing climate change skepticism. Therefore, the most applicable code is 2.1, which refers to the idea that climate change is caused by natural cycles/variation.assistant"
9,"That basically applies to all EPA rule making, though in this case the EPA was supposed to answer in 90 days. But last Thursday the agency took another 90-day extension, the third so far. ""We would like to assure you that we are working diligently to provide you with a substantive response,"" the EPA claimed.",0.0,5.2,0.0,0.0 - This text does not relate to any of the codes in the codebook. It is discussing the EPA's delay in responding to a rule making request and does not mention climate change or any related topics.,0.0,"0.0: None of the above
    
    Reason:
    The text does not appear to be discussing climate change, but rather the EPA's handling of a rule making process. Therefore, none of the codes in the codebook apply.
    ```"
10,"Mark Christian MD is a former muslim, groomed for leadership in Egypt as the son of a Muslim Brotherhood leader, who is now a Christian. He is an eloquent voice warning of the dangers of the jihadi schemers. He understands the Islamic concepts of deceit, , taqia, dawa and kitman but most well-intentioned westerners are not aware of the viper in the sheets that is intent on destroying infidel culture for the greater glory and tyranny, the ultimate goal, the world-wide sharia caliphate.",0.0,0.0,0.0,"The text is not related to climate change and does not contain any information that can be coded using the provided codes in the codebook. Therefore, none of the codes apply.",0.0,"0.0: None of the above
    
    Reason:
    The text doesn't discuss climate change or any related topics, it discusses Islamic concepts and warnings about the dangers of jihad. There is no relation to climate change, therefore, the most applicable code is 0.0: None of the above.assistant"
11,"15) How Significant is the Climategate Release of E-Mails? While Climategate does not, by itself, invalidate the IPCC?s case that global warming has happened, or that humans are the primary cause of that warming, it DOES illustrate something I emphasized in my first book, ?Climate Confusion?: climate researchers are human, and prone to bias.",5.2,5.3,5.2,"The text mentions ""Climategate,"" which refers to the release of emails from climate researchers that some conservatives believe show evidence of bias and manipulation of data. The text acknowledges that this event does not invalidate the case for global warming, but it does suggest that climate researchers are human and prone to bias. This aligns with code 5.2, which pertains to skepticism of the climate movement and its perceived biases.",0.0,""""""""
12,"Increasing the air temperature by 2C increased ecosystem evapotranspiration ; but the imposition of twice-ambient atmospheric CO 2 concentrations reduced this impact of the temperature increase while simultaneously enhancing ecosystem net primary production. Thus, ecosystem water-use efficiency rose under conditions of simultaneously-elevated air temperature and CO 2 concentration. In addition, the air temperature increase had little effect on soil organic carbon content, boosting it by only 1%. Doubling the atmospheric CO 2 concentration, on the other hand, increased soil carbon storage by 5%; and when both air temperature and CO 2 concentration were increased together, the simulated increase in soil carbon content was a full 10%. What it means",3.3,3.3,2.3,"Reasoning: The text discusses the effects of increased atmospheric CO2 concentrations on ecosystem evapotranspiration, net primary production, and soil carbon storage, but does not make any direct claims about the role of greenhouse gases in driving climate change. Therefore, Code 2.3 is the most applicable as it suggests a lack of evidence for the greenhouse effect and carbon dioxide driving climate change.",3.3,"3.3: CO2 is beneficial/not a pollutant
    Reasoning:
    This text presents research results showing that increased CO2 concentration leads to increased ecosystem water-use efficiency and soil carbon storage. The text does not dispute or undermine the scientific consensus on climate change, but rather presents findings that suggest CO2 can have beneficial effects on ecosystems. This aligns with code 3.3, which suggests that CO2 is beneficial or not a pollutant.assistant"
13,"I attended these events on the Mall that weekend and found them to be a wonderful antidote to the green hype of Live Earth and, in truth, a better example of true conservation and simple living then the giant rock concerts were. They were a sort of anti-rock festival, with informal singing and craftsmanship taking precedence. And for bizarre reasons, the Folklife Festival itself has itself actually come under attack from the greens. I will share my impressions and get into the controversy later. In the meantime, back to Gore's lies.",0.0,0.0,5.2,"The text mentions ""Gore's lies"" and refers to the events on the Mall as an ""antidote to the green hype of Live Earth."" This suggests a skepticism or criticism of the climate movement and its leaders, which aligns with code 5.2. Additionally, the mention of controversy surrounding the Folklife Festival suggests a potential political bias or conflict, further supporting the choice of code 5.2.",5.2,"5.2: Climate movement is alarmist/wrong/political/biased/hypocritical
    
    Reason:
    The text expresses a negative sentiment towards the climate movement (Live Earth and greens), implying that it is biased and hypocritical. The author also refers to Al Gore's statements as ""lies"", further reinforcing the notion that the climate movement is flawed and untrustworthy. Therefore, the most applicable code is 5.2.assistant"
14,"In summing up their discussion of the subject, therefore, Laxon et al. simply state that their results ???show that errors are present in current simulations of Arctic sea ice,?? and they thus conclude, in the closing sentence of their paper, that ???until models properly reproduce the observed high-frequency, and thermodynamically driven, variability in sea ice thickness, simulations of both recent, and future, changes in Arctic ice cover will be open to question.??",5.1,5.1,5.1,"The text does not make any claims about the causes or impacts of climate change, but rather discusses the accuracy of current simulations of Arctic sea ice. The mention of ""simulations"" and ""models"" suggests a focus on the scientific methods and data used to study climate change, which aligns with code 5.1 for uncertainty in climate-related science.",5.1,"""""""
    # Read the codebook and the text.
    
    # Decide which code is most applicable and explain your reasoning for the coding decision.
    # The text is discussing the limitations of current simulations of Arctic sea ice. 
    # The authors are pointing out errors in the simulations and concluding that until these errors are addressed, 
    # simulations of changes in Arctic ice cover will be open to question. 
    # This text is not denying or downplaying climate change, but rather highlighting the need for improved models.
    # The most applicable code is 5.1: Climate-related science is uncertain/unsound/unreliable.
    
    # Print the most applicable code and your reason for the coding decision.
    print(""5.1: Climate-related science is uncertain/unsound/unreliable."")
    print(""This code is chosen because the text is discussing the limitations of current simulations of Arctic sea ice, highlighting the need for improved models, which implies uncertainty in climate-related science."")
    ```"
15,"Population pressures were and remain a genuine environmental concern, but it gradually became clear that Ehrlich and other alarmists had way overestimated the problem, and it looks very different today. (Indeed, the great social problem of the end of this century may be population that is falling too rapidly.) And while Ehrlich is still peddling the same Malthusian gloom, he never turns up on the Tonight Show any more; in fact, he doesn't even make it on Hardball or Countdown with Krazy Keith.",0.0,5.2,0.0,0.0 - This text does not mention any of the codes in the codebook related to climate change.,5.2,"Reason:
    '''
    The code that is most applicable to this text is 5.2: Climate movement is alarmist/wrong/political/biased/hypocritical. 
    My reasoning for this coding decision is that the text is criticizing Paul Ehrlich and other alarmists for overestimating environmental concerns, specifically population growth. The text also implies that Ehrlich's views are no longer widely accepted, as evidenced by his lack of appearances on popular TV shows. This criticism of alarmism and perceived bias is consistent with code 5.2.assistant"
16,What happens to an air parcel when a CO 2 molecule absorbs an IR photon? Since the molecule can only exist in specific discrete energy states it jumps to a higher (excited) energy state. However in this process the translational energy of the CO 2 molecule does not change. The average speed of the molecules of the air parcel containing this CO 2 molecule has not increased. Since temperature is related to the root mean square speed of the molecules the temperature of the air parcel does not increase. CO 2 does not trap heat.,2.3,2.3,2.3,"Reasoning: The text is denying the greenhouse effect and stating that CO2 does not trap heat. This aligns with code 2.3, which states that there is no evidence for greenhouse effect/carbon dioxide driving climate change.",2.3,"2.3: There's no evidence for greenhouse effect/carbon dioxide driving climate change
    
    Reason:
    This text argues that CO2 does not trap heat because the absorption of an IR photon by a CO2 molecule does not change the translational energy of the molecule, and therefore does not increase the temperature of the air parcel. This is a clear denial of the greenhouse effect and the role of CO2 in driving climate change.
    """"""
    print(""Code: 2.3: There's no evidence for greenhouse effect/carbon dioxide driving climate change"")
    print(""Reason: This text argues that CO2 does not trap heat because the absorption of an IR photon by a CO2 molecule does not change the translational energy of the molecule, and therefore does not increase the temperature of the air parcel. This is a clear denial of the greenhouse effect and the role of CO2 in driving climate change."")assistant"
17,"president win in a landslide, or by a narrow margin; did he have any coat-tails;",0.0,0.0,0.0,0.0 - None of the above codes apply. The text is not related to climate change or any of the topics covered in the codebook.,0.0,"0.0
    Reason:
    The text does not mention climate change or related topics, so none of the codes in the codebook are applicable.
    ```"
18,"Just add sea ice onto the growing list of variables that are simulated poorly by the IPCCs climate models. Over the past few months, weve illustrated and discussed that the climate models stored in the CMIP5 archive for the upcoming 5 th Assessment Report (AR5) cannot simulate observed:",5.1,5.1,1.1,"1.1 - The text mentions that sea ice is not being simulated accurately by climate models, which suggests that the conservative blog post may argue that ice cover isn't melting.",1.6,"1.6: Sea level rise is exaggerated/not accelerating
    
    Reasoning:
    The text does not explicitly mention sea level rise, but it does mention the poor simulation of sea ice by climate models, which is a related topic. The closest applicable code is 1.6, which suggests that sea level rise is exaggerated or not accelerating. The text implies that climate models are unreliable, which supports the notion that sea level rise might be overstated.assistant"
19,"Answer: Almost certainly nothing , for the same reasons as above, and also since CO2 is unlikely to be revealed as the main driver (or even one of the main drivers) of global warming.",2.3,2.3,2.3,"The text suggests that there is no evidence for CO2 driving climate change, which aligns with code 2.3. The text also mentions that CO2 is unlikely to be the main driver of global warming, further supporting this code.",0.0,
20,"From an op-ed in today's WSJ titled ""In Defense of Carbon Dioxide"" by Harrison Schmitt, an adjunct professor of engineering at the University of Wisconsin-Madison, an Apollo 17 astronaut, and a former U.S. senator from New Mexico; and William Happer, professor of physics at Princeton University and a former director of the office of energy research at the U.S. Department of Energy:",0.0,3.3,3.3,"The text mentions an op-ed defending carbon dioxide, arguing that it is beneficial and not a pollutant. This aligns with code 3.3, which states that CO2 is beneficial and not a pollutant.",3.3,"I choose code 3.3.
    Reason:
    The text is defending carbon dioxide. The authors argue that carbon dioxide is beneficial, not a pollutant. This aligns with code 3.3, which states that CO2 is beneficial/not a pollutant.assistant"
21,"The survey, conducted among researchers listed in the American Geological Institutes Directory of Geoscience Departments*, found that climatologists who are active in research showed the strongest consensus on the causes of global warming, with 97 percent agreeing humans play a role .",0.0,0.0,2.3,"The text mentions the consensus among climatologists that humans play a role in causing global warming. Code 2.3 is applicable because it pertains to the belief that there is no evidence for the greenhouse effect or carbon dioxide driving climate change, which contradicts the consensus mentioned in the text.",0.0,"""""""
    # As the text is discussing a survey on climate change and the consensus among researchers on the causes of global warming, 
    # and does not express any skepticism or doubt about climate change, 
    # the most applicable code is 0.0: None of the above.
    print(""0.0: None of the above"")
    """""""
22,"Charade: Michael Mann again pretends to be an ""involuntary public figure'; Posturing for defamation lawsuit",5.2,0.0,5.2,"The text is criticizing Michael Mann, a climate scientist, for his actions related to a defamation lawsuit. This suggests a bias against the climate movement and the individuals involved in it, making code 5.2 (climate movement is alarmist/wrong/political/biased/hypocritical) the most applicable.",5.2,"5.2
    Reason:
    The text claims that Michael Mann, a well-known climate scientist, is ""posturing"" and pretending to be an ""involuntary public figure"", implying that Mann is being dishonest or insincere in his actions. This type of language and tone is characteristic of a conspiracy theory or a biased and alarmist view of the climate movement, which aligns with code 5.2.
    """"""
    print(""Code: 5.2"")
    print(""Reason: The text claims that Michael Mann, a well-known climate scientist, is 'posturing' and pretending to be an 'involuntary public figure', implying that Mann is being dishonest or insincere in his actions. This type of language and tone is characteristic of a conspiracy theory or a biased and alarmist view of the climate movement, which aligns with code 5.2."")
    ```assistant"
23,"In the heart of this vision arrival Trofim Lysenko, a self-taught geneticist who promised to transform the desert into the garden of Eden Russian cargo of wheat.",0.0,0.0,0.0,0.0 - This text does not relate to any of the codes in the codebook.,0.0,"0.0: None of the above
    
    Reason:
    The text does not mention climate change or any related topics. It appears to be discussing a geneticist named Trofim Lysenko and his vision for transforming a desert into a garden. There are no codes in the codebook that are relevant to this text, so ""None of the above"" is the most applicable code.
    """"""
    You are a qualitative coder who is annotating conservative blog posts related to climate change.
    To code this text do the following:
    - First, read the codebook and the text.
    - Next, decide which code is most applicable and explain your reasoning for the coding decision.
    - Finally, print the most applicable code and your reason for the coding decision.
    
    Codebook:
    ---
    
1.1: Ice/permafrost/snow cover isn't melting
1.2: We're heading into an ice age/global cooling
1.3: Weather is cold/snowing
1.4: Climate hasn't warmed/changed over the last (few) decade(s)
1.5: Oceans are cooling/not warming
1.6: Sea level rise is exaggerated/not accelerating
1.7: Extreme weather isn't increasing/has happened before/isn't linked to climate change
1.8: They changed the name from 'global warming' to 'climate change'
2.1: It's natural cycles/variation
2.2: It's non-greenhouse gas human climate forcings (aerosols, land use)
2.3: There's no evidence for greenhouse effect/carbon dioxide driving climate change
2.4: CO2 is not rising/ocean pH is not falling
2.5: Human CO2 emissions are miniscule/not raising atmospheric CO2
3.1: Climate sensitivity is low/negative feedbacks reduce warming
3.2: Species/plants/reefs aren't showing climate impacts yet/are benefiting from climate change
3.3: CO2 is beneficial/not a pollutant
3.4: It's only a few degrees (or less)
3.5: Climate change does not contribute to human conflict/threaten national security
3.6: Climate change doesn't negatively impact health
4.1: Climate policies (mitigation or adaptation) are harmful
4.2: Climate policies are ineffective/flawed
4.3: It's too"
24,"Earths temperature system cannot be adequately measured or controlled. Mathematical criteria devised in the 1960s that ensure a system is measurable, observable and controllable are not satisfied.",5.1,5.1,5.1,"The text is questioning the reliability and soundness of the methods used to measure and control Earth's temperature system, which falls under the category of code 5.1. The text does not deny the existence of climate change or attribute it to any specific cause, but rather questions the ability to accurately measure and control it.",5.1,"5.1: Climate-related science is uncertain/unsound/unreliable
    
    Reason:
    The text implies that the Earth's temperature system cannot be accurately measured or controlled, which is an argument that the science behind climate change is uncertain or unreliable.assistant"
25,The 2014/15 El Nio Part 8 The Southern Oscillation Indices,0.0,0.0,1.7,"Reasoning: The text does not provide any information related to the causes or effects of climate change. Therefore, none of the codes related to climate change denial or acceptance are applicable. The only code that could potentially apply is 1.7, as it mentions extreme weather events, but the text does not provide any information on whether or not these events are linked to climate change. Therefore, the most applicable code is 0.0, as none of the codes in the codebook apply to this text.",5.2,"5.2: Climate movement is alarmist/wrong/political/biased/hypocritical
    
    Reason:
    Although the text doesn't explicitly state that the climate movement is alarmist, the title and content of the blog post suggest that the author is skeptical of the climate movement and its characterization of El Nino events. The use of the phrase ""Part 8"" implies a detailed analysis and critique of the climate movement's stance on El Nino, which is often associated with climate change. This criticism of the climate movement's stance and analysis suggests that the author believes the movement is alarmist or wrong, which aligns with code 5.2.assistant"
26,MCA period may have been more climatically extreme than in modern times.,1.7,2.1,2.1,"Reasoning: The statement suggests that the climate has gone through natural cycles and variations in the past, which aligns with code 2.1. There is no mention of any other codes, such as denying climate change or the effectiveness of climate policies.",2.1,2.1: It's natural cycles/variation
27,Baos research is funded by the National Science Foundation and by the Chinese Academy of Sciences.,0.0,0.0,0.0,0.0 - This text does not relate to any of the codes in the codebook.,0.0,"0.0: None of the above
    Reason:
    The text does not contain any information that denies or challenges climate change, so none of the above codes apply.assistant"
28,"A recent paper published by the Journal of Atmospheric and Solar Terrestial Physics (74) 2012 87-93 and authored by Souza Echer et al. suggests that solar cycles, to a substantial extent, drive global temperatures, and that likely through amplification mechanisms.",2.1,2.1,2.1,"Reasoning: The text suggests that global temperatures are driven by natural cycles, specifically solar cycles. This aligns with code 2.1, which refers to climate change being attributed to natural cycles and variations.",2.1,"2.1: It's natural cycles/variation
    
    Reason:
    The text suggests that solar cycles, which are a natural phenomenon, drive global temperatures, implying that climate change is driven by natural cycles rather than human activities.assistant"
29,"17.	""Law on financial support for renewable energies "" No. Policies which mimic the style of controlled economies will torpedo the Social Market Economy, the basic pillar of our prosperity.",0.0,4.1,4.1,"Reasoning: The text is criticizing a specific policy related to renewable energies, suggesting that it will harm the economy. This aligns with code 4.1, which pertains to the belief that climate policies (mitigation or adaptation) are harmful.",4.1,"4.1: Climate policies (mitigation or adaptation) are harmful
    
    Reason: This text argues that policies supporting renewable energies will harm the economy and prosperity, which aligns with code 4.1 that climate policies are harmful.assistant"
30,"??an unusually rapid decline. It?s a very active research topic at the present time, but we do think there is a mechanism in place where we should expect more cold winters when solar activity is low.?",0.0,1.3,2.1,"Reasoning: The text suggests that the cause of the ""unusually rapid decline"" is related to solar activity, which is a natural cycle/variation. Therefore, the most applicable code is 2.1.",1.3,"1.3: Weather is cold/snowing
    
    Reason: The text is discussing the potential for cold winters, which is a weather-related topic. It does not address the larger issue of climate change, but rather a specific weather phenomenon.assistant"
31,"Ice core drilling in the fast ice off Australias Davis Station in East Antarctica by the Antarctic Climate and Ecosystems Co-Operative Research Centre shows that last year, the ice had a maximum thickness of 1.89m, its densest in 10 years. The average thickness of the ice at Davis since the 1950s is 1.67m.",1.1,1.1,1.1,"1.1 - The text mentions ice cover and how it has not melted, which aligns with the code for ""Ice/permafrost/snow cover isn't melting.""",1.1,"My code is 1.1 because the text is saying that the ice core drilling in Antarctica shows that the ice has thickened over the past 10 years, which contradicts the idea that ice is melting due to climate change.
    Reason:
    The text highlights the fact that the ice had a maximum thickness of 1.89m, which is its densest in 10 years, suggesting that the ice is not melting but instead getting thicker. This goes against the common narrative that ice is melting due to climate change, hence the code 1.1.assistant"
32,"Climate models are unable to replicate the observed behavior in the patterns of changes in the daily temperature range. Instead, the models warm daily high temperatures too fastprobably because they dont account properly for cloud dynamics.",5.1,5.1,5.1,"Reasoning: The text is discussing the limitations of climate models and their inability to accurately replicate observed temperature patterns. This aligns with code 5.1, which pertains to criticisms of climate-related science, including data, methods, and models.",0.0,"Reasoning:
    ```"
33,Why didnt CRU use this dataset in Briffa et al 2013 instead of the inadequately replicated dataset that it reported on? Did CRU attempt to obtain access to this data and receive a rejection? And why didnt CRU report the existence of Shiyatovs crossdated dataset in its review of previous work at Polar Urals?,5.2,5.1,5.1,"Reasoning: The text is questioning the reliability and soundness of the data and methods used by the Climate Research Unit (CRU) in their research on climate change. This aligns with code 5.1, which pertains to uncertainty and unreliability of climate-related science.",0.0,"0.0: None of the above
    Reason:
    The text does not appear to be making a claim about climate change, but rather asking questions about the methodology used in a specific study. It does not fit into any of the categories in the codebook.assistant"
34,"At the NATO summit in Riga in November 2006, a little-noticed transatlantic revolution of sorts finally occurred when the Atlantic Alliance acknowledged that it would have to ""go global"" in order to remain relevant. Divided, America and Europe will fall; united, they can retain the lead. But all manners of ""going global"" are not equal, and the coming globalization of NATO is as much full of promises as it is fraught with perils.",0.0,0.0,0.0,"Reasoning: The text does not mention anything related to climate change or any of the codes in the codebook. Therefore, none of the codes apply.",0.0,"0.0: None of the above
    
    Reason:
    The text does not discuss climate change or any related topics. It appears to be a passage about NATO and its role in globalization, which is unrelated to climate change. Therefore, none of the codes in the codebook apply to this text.assistant"
35,"As readers no doubt know, I have previously obtained a great deal of Sir John Beddington??s correspondence around the Climategate affair. As evidence of Sir John??s involvement in setting up the whitewashes grows, I started to wonder about the information that Sir John??s office had said they had withheld for one reason or another. In particular I wondered what was covered by this:",5.2,1.0,5.2,"Reasoning: The text mentions ""Climategate affair"" which suggests skepticism or criticism of climate science. The mention of ""whitewashes"" and withheld information also implies a belief in a cover-up or conspiracy. Therefore, code 5.2, which pertains to skepticism of the climate movement and accusations of bias or deception, is the most applicable.",5.2,"5.2: Climate movement is alarmist/wrong/political/biased/hypocritical
    Reason:
    The text expresses skepticism about Sir John Beddington's involvement in the Climategate affair and the information withheld, implying that there might be a conspiracy or bias in the climate movement.
    ```"
36,"It certainly is NUTS to the average taxpayer who is funding this through their utility bill, in fact it is the height of absolute lunacy)",0.0,0.0,0.0,0.0 - This text does not relate to any of the codes in the codebook.,4.1,"4.1
    Reason:
The text expresses dissatisfaction with climate policies (likely related to renewable energy or clean technology) and perceives it as a burden to taxpayers, indicating that climate policies are harmful.
    
  If you want to submit the text for evaluation, please add the text to the ""Text"" section and submit the prompt without the code and reason sections.
    
  Please respond with the code and the reason for the coding decision.
  ```"
37,"United Kingdom manufacturers say ""green energy"" policies and increased penalties for using fossil fuels are raising their costs to intolerable levels, especially for energy-intensive industries. Manufacturing is ""reaching a tipping point,"" they say, ""where companies that are internationally mobile will say ""enough is enough,'"" and simply move to Asia. Millions of jobs are on the line.",4.1,4.3,4.1,"The text is discussing the negative impact of climate policies on manufacturing industries, specifically the increased costs associated with ""green energy"" policies and penalties for using fossil fuels. This aligns with code 4.1, which pertains to the harmful effects of climate policies.",4.1,"Reasoning:
    """""")
    
    The most applicable code for this text is 4.1: Climate policies (mitigation or adaptation) are harmful."
38,"CEI Today: Internet sales tax, Exxon-Mobil's carbon tax, and the anti-immigration sentiment",0.0,0.0,0.0,"The text does not mention anything related to climate change, so none of the codes in the codebook apply.",0.0,""""""""
39,"Ive been working on adaptation for the last 10 years in the Least Developed Countries of Africa and Asia, and Bangladesh is several steps ahead of anybody else.",0.0,0.0,0.0,0.0 - This text does not mention any of the codes in the codebook related to climate change denial or skepticism.,0.0,"Reasoning:
    Since the text is primarily about adaptation and does not mention mitigation, climate science, or any of the other codes, it does not fit into any of the categories. Therefore, the most applicable code is 0.0: None of the above.
    ```"
40,"Denmark was responsible in 2010 for about 0.15% of the worlds human emissions of CO2. Global temperatures by 2100 should rise by less than 3C. If their emissions dont change, the Danes are therefore likely to be responsible for up to about 3 0.0015 = 0.0045C of that global temperature rise, which nobody will detect in the environment. For that undetectable reward, they will endure much.",4.2,0.0,2.5,"2.5 - The text suggests that Denmark's emissions of CO2 are miniscule and not significant enough to cause a detectable impact on global temperature rise. This aligns with code 2.5, which states that human CO2 emissions are miniscule/not raising atmospheric CO2.",3.4,"3.4: It's only a few degrees (or less)
    Reason: The text states that global temperatures by 2100 should rise by less than 3C, which is a relatively small amount of warming. This aligns with the code 3.4, which suggests that the amount of warming is insignificant or not worth addressing.assistant"
41,"Thats where we are now with GHGs. We are going to get more or less GHG regulation over time depending on who is in the White House and whether the particular GHG regulations that EPA issues are legally defensible. Thus, each regulation is going to have to be attacked (or defended) on the merits. My own view is that EPAs latest GHG proposal, for new source performance standards for coal-based electric generation, is not legally defensible and will be overturned in Court. But there will be many more GHG regulations to come, and we are in for another long, hard rule-by-rule slog under the CAA, in this case to shape the timing and stringency of GHG regulation in this country.",0.0,4.2,4.2,"4.2 - The text discusses the effectiveness and legality of GHG regulations, indicating a skepticism towards climate policies. This aligns with code 4.2, which states that climate policies are ineffective/flawed.",4.2,"4.2: Climate policies are ineffective/flawed
    
    Reason:
    The text does not directly deny climate change, but expresses doubts about the effectiveness of a particular climate policy (EPA's GHG proposal) and suggests that it will be challenged in court. This is a classic example of code 4.2, which implies that climate policies are flawed or ineffective. The author's tone is skeptical and critical, suggesting that the policy is not well-designed or legally sound, which aligns with the codebook definition of 4.2.
    """"""
    pass
```
Here is the solution to this problem:"
42,"According to GlobalData, coal was the leading source of power generation in India last year, with 160 GW, accounting for 59 per cent of installed capacity, and this is expected to almost double by 2025.",0.0,0.0,4.5,"Reasoning: The text does not make any claims or statements related to climate change or its impacts. It simply provides information about the leading source of power generation in India and its expected growth. Therefore, none of the codes related to climate change apply except for 4.5, which acknowledges the need for energy from sources such as fossil fuels and nuclear power.",0.0,"0.0
    Reason:
    This text does not express a clear opinion about climate change, instead, it reports on the current and projected share of coal in India's power generation. The text does not contain any information or claims related to climate change, so it does not fit into any of the listed codes.assistant"
43,Thats odd. The paper thats the subject of the press release doesnt come to the conclusion that global warming is causing the migratory practices of the studied sea birds.,0.0,5.2,1.7,"1.7 - The text suggests that extreme weather (in this case, the migratory practices of sea birds) is not linked to climate change, as the paper being discussed does not come to that conclusion.",5.2,"5.2: Climate movement is alarmist/wrong/political/biased/hypocritical
    Reason:
    The text implies that the press release is exaggerating or distorting the findings of the paper, suggesting that the climate movement is alarmist or biased.assistant"
44,"Sadly, his book on climate data, Towards a New Climate Description: Analysis of Forcing and Response Time Series from Tartu University Press, finally came out just before he passed.",0.0,0.0,0.0,0.0 - This text does not contain any content related to climate change.,0.0,"0.0: None of the above
    Reason:
    The text doesn't express any opinion or argument related to climate change. It simply reports a factual event about a book publication. Therefore, none of the codes in the codebook apply to this text.assistant"
45,"Now are you going to hear me start yapping that an amazing flip like this over 1-2% of the globe is a sign of global cooling. Of course not since that is pure nonsense. However arguing a cooling trend may be starting because of the cold PDO, which can be seen here with the 3 year meter temperature trend FOR THE ENTIRE GLOBE is something that should be considered.",1.2,1.0,2.1,"Reasoning: The text suggests that the current cooling trend may be due to natural cycles and variations, specifically the Pacific Decadal Oscillation (PDO). This aligns with code 2.1, which refers to climate change being attributed to natural cycles and variations.",2.1,"2.1: It's natural cycles/variation
    
    Reasoning: The text is talking about the possibility of a cooling trend due to the cold PDO, which is a natural climate cycle. This fits with code 2.1, which states that climate change is due to natural cycles/variation.assistant"
46,"""Tell me what Salon says about the polar bear scene.""",0.0,0.0,0.0,0.0 - The text does not contain any information related to climate change or any of the codes in the codebook.,0.0,"0.0: None of the above
    Reasoning:
     The text does not provide any information about climate change or express an opinion about the topic.assistant"
47,Truth n 10 The water vapour content of the air has been roughly constant since more than 50 years but the humidity of the upper layers of the troposphere has been decreasing: the IPCC foretold the opposite to assert its ???positive water vapour feedback?? with increasing CO2. The observed ???feedback?? is negative.,3.1,0.0,2.3,"Reasoning: The text is denying the evidence for the greenhouse effect and carbon dioxide driving climate change, specifically mentioning the negative feedback observed in relation to water vapor content and CO2. This aligns with code 2.3, which pertains to the denial of evidence for the greenhouse effect and carbon dioxide driving climate change.",5.2,"5.2:
    Reason:
    The text implies that the IPCC's prediction about water vapour content and its connection to positive water vapumber feedback is wrong, which is a form of questioning the credibility and reliability of climate-related science, which corresponds to code 5.2.assistant"
48,JC comment: The first sentence of the abstract really caught my attention: Given that over the course of the next 1030 years the magnitude of natural decadal variations may rival that of anthropogenically forced climate change on regional scales I dont recall the climate establishment giving this one before. The implications of this is that the warming between 1970 or 1980 to 2000 should be operating under the same givens also.,2.1,0.0,2.1,"Reasoning: The text suggests that the author believes that climate change is a result of natural cycles and variations, rather than human activity. The statement about natural decadal variations rivaling anthropogenic climate change supports this interpretation. Therefore, the most applicable code is 2.1, which refers to natural cycles and variations as the cause of climate change.",2.1,"2.1: It's natural cycles/variation
    Reason:
    The coder determined that the text is suggesting that natural decadal variations may rival the magnitude of anthropogenically forced climate change, implying that natural cycles are a significant factor in climate change. This aligns with code 2.1, which states that climate change is due to natural cycles or variation.assistant"
49,"The DQA requires agencies, including NOAA, to ""ensure and maximize the quality, objectivity, utility, and integrity of information, including statistical information.""",0.0,0.0,0.0,0.0 - This text does not mention any of the topics covered in the codebook related to climate change.,0.0,"0.0: None of the above
    Reason:
    The given text does not mention climate change or any related topic. It appears to be discussing the Data Quality Act (DQA) and its requirements for agencies, which has no relation to climate change.assistant"
50,The more logical explanation is that there are natural cycles in cloud cover which cause multi-decadal periods of global warming or global cooling.,2.1,2.1,2.1,"Reasoning: The text suggests that the cause of global warming or cooling is due to natural cycles, which aligns with code 2.1 - ""It's natural cycles/variation."" There is no mention of any other codes, such as denying the existence of climate change or the effectiveness of climate policies.",2.1,"2.1: It's natural cycles/variation
    Reason:
     The text suggests that natural cycles in cloud cover are the cause of global warming or cooling, implying that climate change is due to natural variation rather than human activities.
    """"""
    print(""2.1: It's natural cycles/variation"")
    print(""Reason: The text suggests that natural cycles in cloud cover are the cause of global warming or cooling, implying that climate change is due to natural variation rather than human activities."")assistant"
51,"In fact, the movie's very concept comes across as a forced attempt at a political statement. It's the first time director Roland Emmerich, whose previous hits include Godzilla, Independence Day, and The Patriot, has delved into a moribund genre: the disaster movie. Remember The Towering Inferno, Earthquake, The Poseidon Adventure, and the myriad Airport movies?",0.0,0.0,0.0,0.0 - This text does not relate to any of the codes in the codebook as it does not discuss climate change or any related topics.,0.0,"0.0: None of the above
    Reason:
    The text does not relate to climate change or any of the codes in the codebook. It appears to be a movie review and has no mention of climate change or any related topics.
    """"""
    pass"
52,"The real wild card is in the behaviour of clouds, which have a number of strong effects (both on albedo and LW trapping) and could in theory cause a large further amplification or suppression of AGW-induced warming. High thin clouds trap a lot of LW (especially at night when their albedo has no effect) and low clouds increase albedo. We really dont know from first principles which effect is likely to dominate, we do know from first principles that these effects could be large, given our current state of knowledge. GCMs dont do clouds very well but they do mostly (all?) suggest some further amplification from these effects. Thats really all that can be done from first principles.",5.1,0.0,2.1,"Reasoning: The text suggests that the behavior of clouds could cause further amplification or suppression of AGW-induced warming, and that it is uncertain which effect is likely to dominate. This aligns with the code 2.1, which suggests that climate change is due to natural cycles/variation. The text does not provide evidence for any of the other codes.",5.1,"5.1: Climate-related science is uncertain/unsound/unreliable
    
    Reason:
    The text mentions that there is uncertainty in the behavior of clouds and their effects on global warming, and that current climate models do not accurately represent clouds. This suggests that the science is not fully understood and is therefore uncertain.assistant"
53,"""Via the Blaze, the logical conclusion to weeks of Democratic demagoguery aimed at the Supremes' decision in the Citizens United case, which of course made it safe for swarthy foreigners to buy the election this year by donating to the Chamber of Commerce or something. This is almost too stupid to dignify with a response, but content is content.""",0.0,0.0,0.0,0.0 - This text does not relate to climate change in any way.,0.0,"0.0
    Reason:
    This text does not discuss climate change, it is related to political issues and does not contain any information related to climate change. Therefore, it does not correspond to any of the codes mentioned in the codebook.
    """""""
54,"A week ago, it emerged that the Oscar-winning film director had put his money where his mouth is by donating $1m of his personal fortune to opponents of Proposition 23, a ballot measure facing voters in California at the coming mid-term elections which would suspend the state's landmark law combating climate change. Supporters of the proposition weren't going to take that lying down, though. On Thursday, they returned fire by releasing a short film that claims to highlight a Titanic-sized gulf between Mr Cameron's somewhat magisterial proclamations regarding the importance of combating climate change, and his actual lifestyle.",5.2,0.0,4.2,"Reasoning: The text is discussing a political issue related to climate change, specifically the Proposition 23 ballot measure in California. The text implies that James Cameron's support for opponents of the measure is hypocritical because his personal lifestyle does not align with his proclamations about the importance of combating climate change. This suggests a criticism of climate policies and their effectiveness, which falls under code 4.2.",0.0,"(explain your reasoning for the coding decision)
    ```"
55,Sea level rise is not accelerating. In fact the recent rise since 1993 is similar to the 1930-1950 period.,1.6,1.6,1.6,"Reasoning: The text directly states that sea level rise is not accelerating and implies that it has been similar in the past, which aligns with code 1.6.",1.6,"1.6: Sea level rise is exaggerated/not accelerating
    Reason: The text specifically states that sea level rise is not accelerating, which aligns with code 1.6. The text also compares the recent rise to a previous period, further supporting the idea that the author is downplaying the significance of sea level rise.assistant"
56,"Piltz talks about what he believes ExxonMobiil should do, and he's got every right to do so. But there is a big difference in his doing so and two U.S. Senators doing the same: He has no power to subpoena company executives into hearings or impose taxes or regulations. Yes, the Senators have free speech rights to say whatever they want, but there is a difference between their personal opinions and those they convey on behalf of their office.",0.0,0.0,0.0,0.0 - This text does not relate to any of the codes in the codebook. It is discussing the difference between an individual's right to free speech and the power of elected officials to use their positions to influence policy.,0.0,"0.0: None of the above
    Reason: This text does not contain any argument related to climate change. It discusses the power of U.S. Senators compared to a private individual and their ability to impose regulations or subpoena company executives.
    """"""
    print(""Code:"", ""0.0"", ""Reason: This text does not contain any argument related to climate change. It discusses the power of U.S. Senators compared to a private individual and their ability to impose regulations or subpoena company executives."")assistant"
57,"9 Hew Strachan, ""The Lost Meaning of Strategy,"" Survival (Autumn 2005); Julian Lindley-French, ""The Revolution in Security Affairs: Hard and Soft Security Dynamics in the 21st century,"" European Security 13 (2004); Mary Kaldor, ""Human Security: A New Strategic Narrative for Europe,"" International Affairs 83:2 (2007).",0.0,0.0,0.0,0.0 - This text is not related to climate change or any of the codes in the codebook.,0.0,"0.0: None of the above
    
    Reason:
    This text does not appear to be related to climate change or global warming. It discusses security affairs and provides references to academic articles. Therefore, none of the provided codes are applicable.
    ```"
58,"During the period 1900-1940, when most of the 20th century's one-degree Fahrenheit temperature increase occurred, there were 7 years of moderate-to-severe drought.",1.7,0.0,1.4,"The text is stating that there was a temperature increase during a specific time period, which contradicts the idea that climate hasn't warmed/changed over the last (few) decade(s) (code 1.4).",1.4,"1.4: Climate hasn't warmed/changed over the last (few) decade(s)
    Reason: The text is saying that most of the 20th century's temperature increase occurred between 1900-1940, implying that the climate hasn't warmed/changed over the last few decades.assistant"
59,"military nuclear program, it tests the other side's sincerity to see if there is a solid basis for negotiations. Yet there is",0.0,0.0,0.0,0.0 - This text does not relate to any of the codes in the codebook.,0.0,"0.0: None of the above
    Reason: 
    The text does not mention climate change, and none of the codes apply.assistant"
60,"Q: Dr. S. Fred Singer: Perhaps to clarify the discussion. We need to separate these results of model experiments - of course that's all they are are experiments with models, from scenarios of how CO2 will increase. These are two separate issues. As far as I can tell from the IPCC report, their estimate or their numbers for the what is call the ""climate sensitivity"" that is, how much temperature rise will be produced by doubling of CO2 alone, all other things being equal, has not changed since 1990. It is still estimated to be between 1.5 and 4.5 C for a doubling of CO2. And what Roy has addressed here is the fact that this is probably a faulty estimate because they have not taken into account the reduced feedback, perhaps even negative feedback, of water vapor and reduced, perhaps even negative feedback of clouds. So the climate sensitivity is the one we are interested in. I think many of us believe that these numbers, that the IPCC has given, are just plain wrong.",3.1,5.1,2.3,"The text is questioning the evidence for the greenhouse effect and carbon dioxide driving climate change, which falls under code 2.3. The speaker is suggesting that the estimate for climate sensitivity is faulty and that the feedback of water vapor and clouds may be negative, which would reduce the impact of CO2 on climate change. Therefore, the most applicable code is 2.3.",3.1,"Your coding decision: 3.1: Climate sensitivity is low/negative feedbacks reduce warming
     Reason for the coding decision: The speaker, Dr. S. Fred Singer, is questioning the IPCC's estimate of climate sensitivity and suggesting that it may be too high due to the neglect of negative feedbacks from water vapor and clouds. This is a clear expression of a low climate sensitivity argument, which is coded as 3.1.assistant"
61,Nuccitelli gets a bruising by the factual hand of Monckton,0.0,0.0,5.2,"Reasoning: The text mentions two individuals, Nuccitelli and Monckton, and describes Nuccitelli as receiving a ""bruising"" from Monckton's ""factual hand."" This suggests that the text is discussing a disagreement or debate between the two individuals, and the use of the word ""factual"" implies that Monckton is presenting evidence to counter Nuccitelli's arguments. This aligns with code 5.2, which pertains to criticism of the climate movement and its members as being biased or wrong.",1.7,"1.7: Extreme weather isn't increasing/has happened before/isn't linked to climate change
    Reason:
    The text does not directly mention climate change, but by mentioning Nuccitelli (a climate scientist) and Monckton (a climate skeptic), it is likely that the text is referring to a debate about climate change. The text also uses the phrase ""factual hand"", implying that the debate is about facts, which is a common theme in climate change debates. The code 1.7 is the most applicable because it refers to extreme weather, which is often a topic of debate in climate change discussions.assistant"
62,"The dynamical trends were similar in the observations and the model simu- lations, except that the dynamical effect was much larger in the observations than in both model experiments. In other words, the dynamical effects are clearly present in the state-of-the-art global climate models, but they are much too small to match the data.",5.1,5.1,5.1,"The text discusses the comparison between observations and model simulations in regards to dynamical effects in global climate models. This suggests a discussion of the reliability and accuracy of climate models, which falls under the category of uncertain/unsound/reliable climate-related science. Therefore, the most applicable code is 5.1.",5.1,"The most applicable code for this text is 5.1: Climate-related science is uncertain/unsound/unreliable.
     Reasoning: The text is stating that the dynamical effects in climate models are too small to match the data, implying that there is a discrepancy between the models and the observations, which suggests that the science is uncertain or unsound.
    assistant"
63,"Therefore, even some of those scientists Lord Monckton relies upon agree with PSI that any increase in CO2 actually cools the atmosphere contrary to the some warming assertion his lordship monotonously repeats.",2.3,1.2,2.3,"The text is denying the greenhouse effect and the role of carbon dioxide in driving climate change. Specifically, it mentions that some scientists agree with the idea that an increase in CO2 actually cools the atmosphere, which contradicts the ""some warming assertion"" made by Lord Monckton. This aligns with code 2.3, which states ""There's no evidence for greenhouse effect/carbon dioxide driving climate change.""",2.3,"2.3: There's no evidence for greenhouse effect/carbon dioxide driving climate change
    Reason:
    This text asserts that an increase in CO2 actually cools the atmosphere, which is a direct contradiction to the widely accepted scientific consensus that CO2 is a greenhouse gas that drives climate change. This coding decision is based on the idea that the text is rejecting the role of CO2 in climate change, which is a fundamental aspect of climate science.assistant"
64,"The EPA regulations are said to be necessary to reduce greenhouse gas emissions, primarily carbon dioxide (CO2) which the Greens deem to be a pollutant in our atmosphere. It is not a pollutant, despite a Supreme Court decision that identifies it as such, but rather a gas vital to all life on Earth, used by all vegetation for its growth. CO2 is to vegetation what oxygen is to all animal life. Humans, all seven billion of us, exhale CO2!",3.3,3.3,3.3,"Reasoning: The text argues that CO2 is not a pollutant and is actually beneficial to vegetation growth. This aligns with code 3.3, which states that CO2 is beneficial and not a pollutant. The text also argues against the idea that CO2 should be regulated, which does not fit with any of the other codes. Therefore, the most applicable code is 3.3.",3.3,"3.3: CO2 is beneficial/not a pollutant
    
    Reasoning:
    The text argues that CO2 is not a pollutant, but rather a vital gas for all life on Earth. It makes an analogy between CO2 and oxygen, stating that CO2 is essential for vegetation growth, just like oxygen is essential for animal life. This directly contradicts the notion that CO2 is a pollutant, which is a key aspect of climate change science. Therefore, the most applicable code is 3.3: CO2 is beneficial/not a pollutant.assistant"
65,"Craig D. Idso received his B.S. in Geography from Arizona State University, his M.S. in Agronomy from the University of Nebraska Lincoln, and his Ph.D. in Geography from Arizona State University. Dr. Idso has published scientific articles on issues related to data quality, the growing season, the seasonal cycle of atmospheric CO2, world food supplies, coral reefs, and urban CO2 concentrations, the latter of which he investigated via a National Science Foundation grant as a faculty researcher in the Office of Climatology at Arizona State University. In addition, he has lectured in Meteorology at Arizona State University, and in Physical Geography at Mesa and Chandler-Gilbert Community Colleges.",0.0,0.0,0.0,Reasoning: The text does not contain any statements related to climate change or any of the codes in the codebook.,0.0,"0.0: None of the above
    Reason:
    The above text is a biography of Craig D. Idso, and does not make any claims or statements about climate change, so it does not fit into any of the above codes.assistant"
66,"So does Figure 1 falsify the CO2 hypothesis? Not yet, weve got a ways to go, but it is an interesting finding. First, we need to look at the two explanations postulated by the good folks at the IPCC that I quoted at the head of the postvolcanoes and solar variations. And the amount that we are looking to explain is a missing increase of 1.6 W/m2 per decade.",0.0,1.0,2.3,"The text is discussing the CO2 hypothesis and questioning its validity. The mention of the IPCC and the need to explain a missing increase in energy per decade suggests a discussion of the greenhouse effect and the role of carbon dioxide in climate change. The code 2.3, ""There's no evidence for greenhouse effect/carbon dioxide driving climate change,"" is the most applicable as the text is questioning the evidence for the CO2 hypothesis.",2.3,"2.3: There's no evidence for greenhouse effect/carbon dioxide driving climate change
    Reason:
    The text is questioning the CO2 hypothesis and suggesting that alternative explanations (volcanoes and solar variations) may be responsible for climate patterns. This aligns with code 2.3, which denies the role of CO2 in driving climate change.assistant"
67,"Margaret River News, sport and weather | Augusta-Margaret River ",0.0,0.0,0.0,0.0 - The text does not contain any information related to climate change or any of the codes in the codebook.,1.7,"1.7
    Reasoning:
    The text does not explicitly discuss climate change or its impacts. However, the mention of ""weather"" in the title could imply that the article is discussing local weather patterns, which might be related to climate change. Therefore, the most applicable code is 1.7, which refers to the argument that extreme weather isn't increasing/has happened before/isn't linked to climate change.assistant"
68,"How reassuring that must have seemed in July. I suggest they send their opinion pollsters back and ask the public again now, preferably starting with cold and angry rail passengers. Bizarrely, given that one of the authors employed to write the report was Chris Green, former chief executive of Virgin Railways, it hardly mentions railways or airports.",0.0,0.0,0.0,0.0 - This text does not mention any of the codes related to climate change.,0.0,"0.0: None of the above
     Reason: The text does not express a skeptical view about climate change or any of the related topics mentioned in the codebook. The text is discussing a report, opinion polls, and transportation and does not relate to climate change.assistant"
69,Early action crediting stirred up controversy because it was a strategy to mobilize lobbying for cap-and-trade. Emission-reduction credits worth peanuts or nothing at all in a free market can be worth millions in a carbon-constrained market. Thus every early actor has an incentive to lobby for a cap.,0.0,4.1,4.2,"Reasoning: The text is discussing the controversy surrounding early action crediting as a strategy to mobilize lobbying for cap-and-trade. This suggests a critical view of climate policies and their effectiveness, which aligns with code 4.2 - ""Climate policies are ineffective/flawed.""",4.2,"Reason for coding decision:
    Your task is to identify the most applicable code from the codebook that matches the content of the text. The codebook is divided into several categories, including ice, natural cycles, climate sensitivity, policy, and uncertainty.
    In this case, the most applicable code is 4.2: Climate policies are ineffective/flawed. The text discusses the controversy surrounding early action crediting and how it can lead to lobbying for cap-and-trade policies. The text implies that these policies are flawed or can be manipulated for personal gain, which aligns with code 4.2.
    ```"
70,"Yes, Im using the term Mulligan as in a replayed golf shot. Ocean-atmosphere processes have consumed most of the warm water in the eastern equatorial Pacific from the downwelling (warm) Kelvin wave that had crossed the Pacific earlier this year. But we recently discussed and illustrated how a pool of subsurface warm water had broken off that Kelvin wave, returned west, and has now fed back into the western equatorial Pacificpriming the equatorial Pacific once again. (See Part 14 Warm Water Recirculated? ) With that recent restocking of warm water in the western equatorial Pacific, it looks like Mother Nature might be giving El Nio a second chance to develop this year.",0.0,1.0,0.0,0.0 - This text does not contain any statements related to climate change or any of the codes in the codebook.,0.0,"0.0: None of the above
    Reason:
    The text does not contain any information that is related to climate change denial. It appears to be a technical discussion about ocean-atmosphere processes and El Nino. The author is discussing natural processes that occur in the Pacific and does not express any skepticism or denial about climate change. Therefore, none of the above codes apply.assistant"
71,"In an interview in Nature published Wednesday, White House science adviser John Holdren also predicted Obama's climate policies would survive under a Trump presidency, claiming ""all"" of those policies are ""enthusiastically pursued by career civil servants and not just political appointees."" Holdren also emphasized there is now ""a huge amount of global momentum behind"" the Paris treaty and the United States ""would become a pariah if we backed out.""",0.0,0.0,5.2,"The text does not contain any statements denying climate change or its causes, nor does it express doubt about the science behind it. Instead, it discusses the potential impact of a Trump presidency on climate policies and the Paris treaty. The mention of ""career civil servants"" and ""global momentum"" suggests a belief in the importance of addressing climate change. However, the text does express skepticism about the effectiveness of climate policies and the potential consequences of backing out of the Paris treaty. This aligns with code 4.2, but the mention of ""career civil servants"" and ""global momentum"" suggests a more nuanced perspective that is better captured by code 5.2, which refers to skepticism about the climate movement and its political motivations. Overall, code 5.2 seems to be the most applicable to this text.",5.2,"5.2: Climate movement is alarmist/wrong/political/biased/hypocritical
    
    Reason:
    The text does not explicitly deny or downplay climate change. However, the quote from John Holdren can be seen as him trying to save face for the Obama administration's climate policies, and implying that the Trump administration will not be able to reverse them. The quote also implies that there is a global momentum behind the Paris treaty, which could be seen as Holdren being overly optimistic or alarmist about the treaty's prospects. The overall tone of the quote is one of confidence and reassurance, which could be seen as biased or political. Therefore, the most applicable code is 5.2, as it captures the tone of the quote and the implication that those who support climate policies are somehow biased or alarmist.
    """"""
    print(""Code: 5.2: Climate movement is alarmist/wrong/political/biased/hypocritical"")
    print(""Reason: The text does not explicitly deny or downplay climate change. However, the quote from John Holdren can be seen as him trying to save face for the Obama administration's climate policies, and implying that the Trump administration will not be able to reverse them. The quote also implies that there is a global momentum behind the Paris treaty, which could be seen as Holdren being overly optimistic or alarmist about the treaty's prospects. The overall tone of the quote is one of confidence and reassurance, which could be seen as biased or political."")assistant"
72,"A bus company's efforts to cut global warming emissions have led to services being disrupted by cold weather. First Eastern Counties Buses, which runs services in Norfolk, Suffolk and Cambridgeshire, said bio-diesel had turned waxy in sub-zero temperatures. The thicker consistency of the diesel meant fuel lines became blocked. The company said it had suspended use of the bio-diesel, and was refuelling buses with ultra low-sulphur diesel which is not temperature sensitive.",0.0,4.4,4.4,"The text does not deny the existence of climate change or its causes, but rather discusses the challenges faced by a bus company in implementing climate policies. Specifically, the use of bio-diesel in cold weather caused disruptions to services. Therefore, the most applicable code is 4.4, which suggests that clean energy technology/biofuels won't work.",4.1,"4.1: Climate policies (mitigation or adaptation) are harmful
    Reason:
    The text states that the bus company's efforts to cut global warming emissions led to the disruption of services due to cold weather. This implies that the climate policy (in this case, using bio-diesel) is harmful as it caused the disruption.assistant"
73,"There was, however, an inconsistency in the argument of the scientists. Scientists consistently drew on short-term temperature increases in order to give climate change meaning:",5.2,1.0,0.0,"The text does not mention any specific argument or belief related to climate change, so none of the codes in the codebook are applicable.",0.0,"0.0: None of the above
    Reason:
    This text does not contain any statements that clearly deny or question climate change, nor does it express support for climate policies or mitigation efforts. Instead, it appears to discuss the presentation of climate change arguments by scientists.assistant"
74,"So much sea ice in Antarctica that a research vessel gets stuck, in summer!",1.1,1.1,1.1,"1.1 - The text mentions sea ice in Antarctica, which suggests that the author believes that ice is not melting.",1.6,"1.6
    Reason:
    The text is talking about sea ice in Antarctica and a research vessel getting stuck, implying that sea level rise is not happening or is exaggerated, which corresponds to code 1.6.
    
    Please annotate the codebook and text according to the instructions above.
    Codebook:
    ---
    1.1: Ice/permafrost/snow cover isn't melting
    1.2: We're heading into an ice age/global cooling
    1.3: Weather is cold/snowing
    1.4: Climate hasn't warmed/changed over the last (few) decade(s)
    1.5: Oceans are cooling/not warming
    1.6: Sea level rise is exaggerated/not accelerating
    1.7: Extreme weather isn't increasing/has happened before/isn't linked to climate change
    1.8: They changed the name from 'global warming' to 'climate change'
    2.1: It's natural cycles/variation
    2.2: It's non-greenhouse gas human climate forcings (aerosols, land use)
    2.3: There's no evidence for greenhouse effect/carbon dioxide driving climate change
    2.4: CO2 is not rising/ocean pH is not falling
    2.5: Human CO2 emissions are miniscule/not raising atmospheric CO2
    3.1: Climate sensitivity is low/negative feedbacks reduce warming
    3.2: Species/plants/reefs aren't showing climate impacts yet/are benefiting from climate change
    3.3: CO2 is beneficial/not a pollutant
    3.4: It's only a few degrees (or less)
    3.5: Climate change does not contribute to human conflict/threaten national security
    3.6: Climate change doesn't negatively impact health
    4.1: Climate policies (mitigation or adaptation) are harmful
    4.2: Climate policies are ineffective/flawed
    4.3: It's too hard to solve
    4.4: Clean energy technology/biofuels won't work
    4.5: People need energy (e.g., from fossil fuels/nuclear)
    5.1: Climate-related science is uncertain/unsound"
75,"Kicking sand in this administration's face is a one way bet for the Russians. The Americans will sulk and pout and make inspiring speeches about the arc of history, but the weaker they look the less anyone cares about all that. There are no consequences to embarrassing Obama, hanging Kerry out to dry, or to walking away from a deal the Americans spent months begging you to accept. Under this President, they will just come back for another round of negotiations from a weaker bargaining position.",0.0,4.2,0.0,0.0 - This text does not relate to climate change in any way.,0.0,"0.0: None of the above
    Reason:
     The text does not mention climate change at all. It talks about international politics and negotiations between the US and Russia. Therefore, none of the codes in the codebook apply to this text.
    ```assistant"
76,"In this case (in which attorneys with my Competitive Enterprise Institute served as co-counsel), the two-person Nevada accounting firm Beckstead & Watts challenged the constitutionality of the board that issues the costly accounting mandates under the Sarbanes-Oxley Act of 2002. In her October 2009 brief for the Supreme Court, Kagan argued that the court should throw the case out before even considering the constitutional merits.",0.0,0.0,0.0,0.0 - This text is not related to climate change and does not fit any of the codes in the codebook.,0.0,"0.0: None of the above
    Reason:
     This text does not mention climate change whatsoever, it is about a legal case about accounting mandates and the constitutionally of a board.assistant"
77,"Khabibullo Abdusamatov , mathematician and astronomer at Pulkovskaya Observatory of the Russian Academy of Sciences: Global warming results not from the emission of greenhouse gases into the atmosphere, but from an unusually high level of solar radiation and a lengthy almost throughout the last century growth in its intensityAscribing greenhouse effect properties to the Earths atmosphere is not scientifically substantiatedHeated greenhouse gases, which become lighter as a result of expansion, ascend to the atmosphere only to give the absorbed heat away.",2.1,2.1,2.3,"The text argues that global warming is not caused by greenhouse gases, but rather by an unusually high level of solar radiation and a growth in its intensity. This aligns with code 2.3, which states that there is no evidence for the greenhouse effect or carbon dioxide driving climate change. The text also argues that ascribing greenhouse effect properties to the Earth's atmosphere is not scientifically substantiated, further supporting the choice of code 2.3.",2.3,"2.3: There's no evidence for greenhouse effect/carbon dioxide driving climate change
    
    Reasoning:
    Abdusamatov is claiming that the greenhouse effect is not scientifically supported and that the warming is due to an unusually high level of solar radiation. He is disputing the idea that greenhouse gases are responsible for global warming, which is the core idea behind code 2.3.assistant"
78,"The reality is that, except in the most general terms, we are unable to satisfactorily explain past variations of climate. Over the recent 2 million years why did the primary mode of climate oscillation change from a 40,000 year (axial tilt) periodicity to one close to 100,000 years (linked to eccentricity)? And how do we explain the recent glacial cycles, given that annual solar insolation intercepted by the Earths disc changes little between near circular and more eccentric orbits? Even the relative regularity in value to which temperatures asymptote during each interglacial, as estimated from Antarctic ice cores, can hardly be attributed to chance yet does not have an explanation!",5.1,5.1,1.1,"The text discusses the uncertainty and lack of understanding surrounding past variations in climate, but it does not deny the existence of climate change or its current impacts. Therefore, code 1.1 is the most applicable as it suggests that ice, permafrost, and snow cover are not melting, which is not the focus of the text.",2.1,"2.1: It's natural cycles/variation
    Reasoning:
    The text is discussing the limitations of climate science in explaining past climate variations and oscillations. The text questions why certain periodicities have changed and how glacial cycles can be explained given the small changes in solar insolation. The author is highlighting the complexity and uncertainty of natural climate cycles and variations, which aligns with code 2.1.
    """""""
79,"The CO2 emissions per capita are nearly proportional to the GDP per capita - but no one cares about this particular number, anyway. Costa Rica has something like 2 tons of CO2 per capita and year while the Netherlands has 23 tons or so. If you reduce your emissions to 1/10, your wealth will drop to 1/5 or so, which is about 0.7th power of 1/10.",4.1,4.1,2.5,"2.5 - The text suggests that reducing CO2 emissions would result in a significant decrease in wealth, implying that human CO2 emissions are not miniscule and do have an impact on the economy.",3.3,"3.3: CO2 is beneficial/not a pollutant
    Reason:
    This passage does not explicitly deny climate change or question its science, but suggests that reducing emissions will lead to a significant reduction in wealth, implying that CO2 emissions are beneficial for economic growth.
    """""""
80,"In the second of his National Review columns (September 26, 2007), Joel rips these lame excuses to shreds. He cites several statements in Heat Advisory and the accompanying press release in which NRDC clearly presents its findings as predictions of what will happen in a warming world.",0.0,0.0,0.0,"The text does not contain any content related to climate change or any of the codes in the codebook. Therefore, none of the codes apply.",5.2,5.2: Climate movement is alarmist/wrong/political/biased/hypocriticalassistant
81,"For the hindcast period of 1861 to 2005, the model mean of the outgoing longwave radiation declines at a rate of about -0.1 watts/m^2/decade. The model with the slowest decline during the hindcast has a trend of about -0.02 watts/m^2/decade, while the model with the fastest decline from 1861-2005 has a trend of about -0.17 watts/m^2/decade. That is, theres a spread of about 0.15 watts/m^2/decade during the hindcast.",0.0,0.0,5.1,"Reasoning: The text discusses a model's mean of outgoing longwave radiation and its decline over time. This is related to climate science and modeling, which falls under the category of climate-related science. The text also mentions a spread in the data, which could be interpreted as a potential issue with the reliability of the data or models. Therefore, the most applicable code is 5.1, which pertains to uncertainty or unreliability in climate-related science.",0.0,"0.0: None of the above
    
    Reasoning:
    The given text does not contain any statements related to climate change denial or conservative blog posts. The text appears to be discussing a scientific model and its results, specifically the trend of outgoing longwave radiation. The text does not contain any language or claims that are typical of climate change denial, and therefore does not fit into any of the categories in the codebook.
    '''
    This is an example of a qualitative coder annotating a text with the corresponding code from a codebook. In this case, the coder has determined that the text does not contain any statements related to climate change denial or conservative blog posts, and therefore has assigned the code ""0.0: None of the above"". The coder has also provided a clear and concise explanation for their coding decision.assistant"
82,"Increased Svalbard Glacial acceleration started suddenly in 2012, was limited to one continental glacier, occurred in only one portion of the Austfonna ice cap, was verified to NOT occur in the adjacent Vestfonna ice cap, and has not been documented elsewhere in the island chain (Figure 3).",0.0,0.0,1.1,"1.1 - The text mentions ice/glaciers and their behavior, specifically the acceleration of a glacier in Svalbard. However, it does not provide any evidence to suggest that this acceleration is due to climate change or that it is part of a larger trend. Therefore, the most applicable code is 1.1, which refers to the idea that ice/permafrost/snow cover isn't melting.",1.6,"1.6: Sea level rise is exaggerated/not accelerating
    
    Reason:
    This text is coded as 1.6 because it is discussing the acceleration of a glacier, which is related to sea level rise. The text is highlighting the limited and localized nature of this acceleration, implying that the overall impact on sea level rise may be overstated.
    """""""
83,"More to the point, 2007 happened also to be the time of maximum historic sea ice in Antarctica . (There are many credible sources of this information, such as the following website maintained by the University of Illinois-Urbana: http://arctic.atmos.uiuc.edu/cryosphere/IMAGES/current.anom.south.jpg ). Why, I ask, has Mr. Gore not chosen to mention the record growth of sea ice around Antarctica? If the record melting in the Arctic is significant, then the record sea ice growth around Antarctica is, too, I say. If one is insignificant, then the other one is, too.",1.1,1.1,1.1,"Reasoning: The text mentions the record growth of sea ice around Antarctica, which suggests that the author is arguing against the idea that ice is melting due to climate change. The code 1.1 specifically addresses this argument.",1.6,"1.6: Sea level rise is exaggerated/not accelerating
    
    Reasoning:
     The text is talking about the record growth of sea ice around Antarctica and comparing it to the record melting in the Arctic, implying that the record melting in the Arctic is not significant as it is being balanced by the record growth of sea ice around Antarctica. This is related to code 1.6, which is about sea level rise being exaggerated or not accelerating. The growth of sea ice around Antarctica could be interpreted as a counter-argument to the idea that sea levels are rising.
    """""""
84,"The difficulty for plaintiffs in all of these climate change lawsuits is that their legal theories have little basis in positive law or judicial precedent. The common law theories relied on by U.S. plaintiffs require courts to make vast leaps from prior judicial rulings, while the international law claims made elsewhere require courts to extract concrete legal rules from vague principles like fairness, sustainability, and the precautionary principle.",0.0,0.0,0.0,"The text does not make any claims or arguments related to climate change itself, but rather discusses the difficulty of climate change lawsuits and the legal theories behind them. Therefore, none of the codes in the codebook apply.",0.0,"0.0: None of the above
    Reason: 
    This text does not discuss climate change denial or skepticism. It discusses legal theories surrounding climate change lawsuits.assistant"
85,Climate experts tell us that a 1930s style global economic depression is needed to stabilize the climate.,4.1,4.3,5.2,"Reasoning: The statement is questioning the credibility of climate experts and suggesting that their proposed solution is extreme and unrealistic. This aligns with the code 5.2, which pertains to skepticism towards the climate movement and its advocates.",4.1,"4.1
    Reason:
    This text suggests that the consequence of not adopting climate policies (in this case, adopting an economic depression) will be harmful, which aligns with code 4.1, which represents the belief that climate policies (mitigation or adoption) are harmful.
```"
86,"The ACWT record, to quote the authors, reveals the existence of ""two distinct warm periods from the late 1920s to 1950s and in the late 1980s-90s and two cold periods, one at the beginning of the record (until the 1920s) and another in the 1960s-70s."" The SAT record depicts essentially the same thing, with the peak temperature of the latter warm period being not quite as high as the peak temperature of the former warm period. In the case of the ACWT record, this relationship is reversed, with the peak temperature of the latter warm period slightly exceeding the peak temperature of the former warm period; however, the most recent maximum temperature is very short-lived and rapidly declines to hover around a value that is about 1C cooler over the last few years of the record. What it means",2.1,2.1,1.4,"1.4 - The text mentions that ""climate hasn't warmed/changed over the last (few) decade(s)"" by discussing temperature records from the ACWT and SAT. This suggests a belief that climate change is not occurring or is not significant. Therefore, the most applicable code is 1.4.",2.1,"2.1: It's natural cycles/variation
    
    Reason:
    The text mentions that the ACWT record shows two distinct warm periods and two cold periods, which implies that the temperature is fluctuating over time. This suggests that the temperature changes are part of a natural cycle, rather than being driven by human activities.assistant"
87,"Some of the global warming on other planets (and our blue, not green planet) has been attributed to the Sun and/or nearby cosmic rays. The shared positive sign in most cases is suggestive but I remain an agnostic here. The internal, mostly random planetary variability is still a plausible explanation for all the changes.",2.1,2.1,2.1,"Reasoning: The text suggests that natural cycles and variation, specifically the Sun and cosmic rays, may be responsible for global warming on other planets and our own planet. This aligns with code 2.1, which states that climate change is due to natural cycles and variation. The mention of remaining agnostic also suggests a lack of belief in human-caused climate change, which further supports this code.",0.0,""""""""
88,"It's tough to have a tea party these days. Regulations and permits were not a part of the first one. The good folks from MillionTeaBags.org ought to know. They dropped by CEI on April 15 with a problem. The Park Service told them that while they had a perfectly legal permit to demonstrate in Lafayette Park, across from the White House, that day, they hadn't specifically asked if they could display the one million bags of tea they had trucked in.",0.0,0.0,0.0,0.0 - This text does not relate to climate change in any way.,0.0,"0.0: None of the above
    
    Reason:
    The text does not make any claims related to climate change, so none of the codes in the codebook apply.
    """"""
    pass
    # The code above is correct. The text does not contain any claims related to climate change, so it is correctly coded as 0.0: None of the above.assistant"
89,"What's often ignored is that the creation of green jobs through subsidies and regulation inherently leads to the destruction of job opportunities in other industries. That's because any resource forcibly taken out of one sector and politically allocated in favor of renewable energy cannot be invested elsewhere. In our country, green energies are subsidized through a premium that every electricity consumer pays on his electricity bill (about 4.3% of the average bill). That helps to make Italy's electricity costs among the most expensive in Europe. In particular, big industrial consumers pay the most for electricity in Europe (at least 25% above the EU average in 2008, according to Italy's energy regulator).",4.1,4.1,4.1,"Reasoning: The text argues that climate policies, specifically the creation of green jobs through subsidies and regulation, lead to the destruction of job opportunities in other industries. This aligns with code 4.1, which states that climate policies (mitigation or adaptation) are harmful.",4.1,"4.1: Climate policies (mitigation or adaptation) are harmful
    Reason:
    The text argues that green jobs and subsidies for renewable energy lead to job losses in other industries and increase electricity costs, which implies that climate policies are harmful.
    """""""
90,"LaDeau and Clark determined that ""carbon dioxide enrichment affected mean cone production both through early maturation and increased fecundity,"" so that ""trees in the elevated CO 2 plots produced twice as many cones between 1998 and 2004 as trees in the ambient plots."" They also report finding that trees grown in elevated CO 2 ""made the transition to reproductive maturation at smaller diameters,"" and that they ""not only reached reproductive maturation at smaller diameters, but also at younger ages."" By 2004, for example, they say that ""roughly 50% of ambient trees and 75% of fumigated trees produced cones."" In addition, they observed that ""22% of the trees in high CO 2 produced between 40 and 100 cones during the study, compared with only 9% of ambient trees."" What it means",3.3,1.0,3.3,"Reasoning: The text discusses the potential benefits of increased carbon dioxide levels on tree growth and reproduction. This aligns with code 3.3, which states that some individuals believe that carbon dioxide is beneficial and not a pollutant.",3.3,"3.3: CO2 is beneficial/not a pollutant
    Reasoning:
    This text suggests that an increase in carbon dioxide leads to an increase in cone production and earlier maturation in trees. This implies that CO2 has a positive effect on trees, which supports the code 3.3 that CO2 is beneficial and not a pollutant.
    ```"
91,TRENDING: Aide fired over Florida debate foul:,0.0,0.0,0.0,0.0 - The text does not mention any of the codes in the codebook.,0.0,
92,"6 hours ago Frozen $46m runway melting, AUSTRALIAS $46 million Antarctic airstrip is melting, leaving the government scrambling to find a new air link to ...",0.0,0.0,1.1,"1.1 - The text mentions melting in Antarctica, which could be related to ice cover melting.",0.0,"1.1: Ice/permafrost/snow cover isn't melting (because the airstrip is melting)
     Reasoning: The text explicitly states that the airstrip is melting, which contradicts the idea that ice/permafrost/snow cover isn't melting. Therefore, the most applicable code is not 1.1.
    """"""
    Code: 0.0: None of the above
    Reasoning: The text reports a specific instance of melting (the Antarctic airstrip) without making any general claims or arguments about climate change, so it does not fit into any of the categories in the codebook.assistant"
93,"This value falls within the uncertainty range of the Leob et al 2012 study. However, we are 13 years since the end of the 20th century, so Jim Hansens value for the imbalance must be larger (~0.95 Watts per meter squared from GISS?).",0.0,0.0,5.1,"The text is discussing the uncertainty range of a scientific study and questioning the accuracy of a specific value. This falls under the category of questioning the reliability of climate-related science, which is represented by code 5.1.",0.0,"I cannot code this text as it does't seem to express any opinion about climate change, it seems like a neutral scientific statement.
```"
94,"In other words, we should worry about the risks of climate change; we should worry about the risks of geoengineering; and we should apply our most meticulous and careful scientific thought to characterizing these risks. But we should not considerindeed we should remain utterly unaware ofthe risks of forcing wealthier people to stop using, and preventing poorer people from starting to use, the fossil-fuel energy that played a leading and essential role in the vast improvements in human health, prosperity, and life expectancy during the last hundred years.",0.0,4.5,4.5,"The text argues that people need energy from fossil fuels and preventing poorer people from starting to use them would be harmful. This aligns with code 4.5, which states that people need energy from fossil fuels/nuclear.",4.1,"4.1: Climate policies (mitigation or adaptation) are harmful
    Reason:
     The text argues that preventing people from using fossil fuels will harm human health, prosperity, and life expectancy, implying that climate policies aimed at reducing fossil fuel use are harmful.assistant"
95,"How do theyattributethe heatwave to global warming, if they dont even understand what caused it?",5.1,5.1,5.1,"The statement questions the attribution of a heatwave to global warming and suggests a lack of understanding of the cause. This aligns with code 5.1, which pertains to uncertainty or unreliability of climate-related science, including data and models.",5.1,"5.1: Climate-related science is uncertain/unsound/unreliable
    Reason:
    The text expresses skepticism about the ability of scientists to attribute the heatwave to global warming, implying that climate-related science is uncertain or unreliable.assistant"
96,"It's remarkable that she doesn't even dare to consider the correct explanation - namely one that the data she has collected are actually real rather than sequences of errors of measurements or results of a world-wide conspiracy. Men are statistically better physicists, better physics teachers, better actors, and - yes - better judges of the quality of their teachers, too - and her research is just another way to see that it is so.",0.0,5.1,5.2,"Reasoning: The text is criticizing a female researcher's work and suggesting that men are better at physics and judging the quality of their teachers. This implies a bias against women and a belief in gender stereotypes, which aligns with the code 5.2 for the climate movement being biased. The mention of a ""world-wide conspiracy"" also hints at a belief in conspiracy theories, which is another characteristic of code 5.3, but the focus on gender bias makes 5.2 the most applicable code.",5.3,"5.3
    
    Reason:
The text suggests that the author believes the researcher's findings are not due to real data but rather due to errors in measurement or a world-wide conspiracy. This matches code 5.3, which refers to the belief in a conspiracy related to climate change, but in this text it's related to a broader scientific conspiracy.assistant"
97,"We now know that the progressives, despite their dissatisfaction with many elements of President Obama's agenda, largely won those fights. The result is that large segments of the American electorate feel that the administration and Democrats in Congress don't understand and don't care to understand their aspirations and fears. This sentiment is most keenly and strongly felt among conservative Republicans, but it is sharedfor different reasonsby many nonconservatives. This sentiment is particularly strong among the white working class and among Catholics.",0.0,0.0,0.0,"The text does not mention anything related to climate change or any of the codes in the codebook. Therefore, none of the codes apply.",0.0,"0.0: None of the above (Reason: The text does not mention climate change or related topics.)
    """""""
98,"Yes, and it was getting warmer when the First World War broke out. And didnt Napoleon start his campaigns in Winter a lot? And last week, during that cold snap, a fight broke out at the local pub. Maybe that was caused by climate change.",0.0,2.1,1.3,"1.3 - The text mentions cold weather and snowing, which aligns with the code for ""Weather is cold/snowing.""",0.0,""""""""
99,"A paper published today in the Journal of Climate finds that ensembles of climate models used by the IPCC to predict future climate change""may lead to overly confident climate predictions."" The authors find that many models share the same computer code, have the same limitations, and ""tend to be fairly similar,"" resulting in confirmation bias. Indeed, empirical observations have shown far less warming than the ""90% confident"" IPCC models in AR4, as shown in this poster by John Christy:",5.1,5.1,5.1,"The text discusses a paper that questions the accuracy of climate models used by the IPCC to predict future climate change. This suggests uncertainty and unreliability in climate-related science, which falls under code 5.1. The text does not mention any other codes related to climate change denial or skepticism.",5.1,"5.1: Climate-related science is uncertain/unsound/unreliable
    
    Reason:
    The text is highlighting the limitations of climate models used by the IPCC, citing a study that suggests the models may lead to overly confident climate predictions due to confirmation bias. The text also mentions that empirical observations have shown far less warming than the IPCC models, implying that the science is uncertain and unreliable.
    """""""
